target,test_r2,test_rmse,test_mae
stability,0.7195495963096619,14.720129252156562,11.2135591506958
power,0.6140393018722534,16.548733038681448,11.018439292907715
technique,0.6575908660888672,15.14894768110071,10.608518600463867
balance,0.5796706080436707,16.206028059305105,10.568155288696289
overall,0.6739820837974548,14.709967647597304,9.825560569763184
