target,test_r2,test_rmse,test_mae
stability,0.7195495889590362,14.720129748124,11.213560167948405
power,0.614039276885014,16.548733344654444,11.01843973795573
technique,0.6575908319076217,15.148947620305757,10.608518727620442
balance,0.5796705768567649,16.206028740193332,10.568156305948893
overall,0.6739820844687054,14.709968114442576,9.825560379028321
